{
  "version": 1,
  "bounds": {
    "min": [
      -1.0,
      -1.0,
      -1.0
    ],
    "max": [
      1.0,
      1.0,
      1.0
    ]
  },
  "layouts": {
    "semantic": {
      "thought_1e0ded4b4b41aea2dd3ead7d": [
        -0.00624834,
        0.08649085,
        0.01653796
      ],
      "thought_2ec1a78acc3d23cb6994d581": [
        0.15079767,
        0.31223431,
        -0.83778517
      ],
      "thought_3edaf77ef0f3fed43da90a5b": [
        -0.67610278,
        -0.36829286,
        0.37575798
      ],
      "thought_3fd7a340613869143a53915f": [
        0.67063907,
        0.64038656,
        -0.3705622
      ],
      "thought_4a9e20e2796abd76390ad2ff": [
        -0.09458547,
        -0.20551302,
        -0.78428973
      ],
      "thought_4ca454464334662859844679": [
        -0.38834224,
        -1.0,
        0.55065985
      ],
      "thought_57776a5750c1dbb4e49f3442": [
        -0.53648351,
        -0.61539653,
        0.83778517
      ],
      "thought_593024baf91914b5a7b6b7fc": [
        -0.92950299,
        -0.87704051,
        0.2553938
      ],
      "thought_5b5b1b207e14e4386612be20": [
        -0.3743444,
        0.50654805,
        0.19032102
      ],
      "thought_6a58aeb6dfb3e2463a71f34c": [
        0.18211038,
        0.43331136,
        0.61338389
      ],
      "thought_7a7f78d4434ff9e4d483fa41": [
        -0.23386285,
        1.0,
        0.22569121
      ],
      "thought_8ce51b6821ab58919efbccf9": [
        0.92950299,
        0.27521832,
        0.07112201
      ],
      "thought_990dd9102a5132d8696f4455": [
        0.6862312,
        -0.24379281,
        0.11624487
      ],
      "thought_aae380b933bf466ac093a216": [
        0.11129787,
        -0.63781884,
        -0.07265153
      ],
      "thought_b18a520af42910a64fa6fc63": [
        0.6788545,
        -0.10909625,
        -0.65664454
      ],
      "thought_dd7f9d7a5cb031caa9e555a9": [
        0.29687689,
        -0.26918878,
        0.70872308
      ]
    },
    "clusters": {
      "thought_1e0ded4b4b41aea2dd3ead7d": [
        -0.67975726,
        -0.17535223,
        0.89136542
      ],
      "thought_2ec1a78acc3d23cb6994d581": [
        -0.6667053,
        0.15705422,
        -0.95533707
      ],
      "thought_3edaf77ef0f3fed43da90a5b": [
        0.94253505,
        -0.00914901,
        -0.03198583
      ],
      "thought_3fd7a340613869143a53915f": [
        -0.85864726,
        0.25567219,
        -0.92335124
      ],
      "thought_4a9e20e2796abd76390ad2ff": [
        -0.84197782,
        -0.09200483,
        0.92335124
      ],
      "thought_4ca454464334662859844679": [
        0.72793742,
        0.10110923,
        -0.0
      ],
      "thought_57776a5750c1dbb4e49f3442": [
        0.86671871,
        -0.21906728,
        0.03198583
      ],
      "thought_593024baf91914b5a7b6b7fc": [
        1.0,
        0.18872211,
        -0.03198583
      ],
      "thought_5b5b1b207e14e4386612be20": [
        -0.73706903,
        -0.33403553,
        0.95533707
      ],
      "thought_6a58aeb6dfb3e2463a71f34c": [
        -0.63631784,
        -0.02577572,
        0.89136542
      ],
      "thought_7a7f78d4434ff9e4d483fa41": [
        -0.96144269,
        -0.2125774,
        0.92335124
      ],
      "thought_8ce51b6821ab58919efbccf9": [
        -0.7345175,
        -0.03070239,
        -0.89136542
      ],
      "thought_990dd9102a5132d8696f4455": [
        -0.61530709,
        0.33403553,
        -0.95533707
      ],
      "thought_aae380b933bf466ac093a216": [
        -0.55164126,
        -0.30216498,
        0.95533707
      ],
      "thought_b18a520af42910a64fa6fc63": [
        -1.0,
        0.1130088,
        -0.92335124
      ],
      "thought_dd7f9d7a5cb031caa9e555a9": [
        -0.81767539,
        0.0726942,
        0.89136542
      ]
    },
    "temporal": {
      "thought_1e0ded4b4b41aea2dd3ead7d": [
        -0.33333333,
        0.0,
        3e-8
      ],
      "thought_2ec1a78acc3d23cb6994d581": [
        -0.52380952,
        1.1e-6,
        1e-8
      ],
      "thought_3edaf77ef0f3fed43da90a5b": [
        1.0,
        -1.1e-6,
        -7e-8
      ],
      "thought_3fd7a340613869143a53915f": [
        -1.0,
        1.1e-6,
        1.5e-7
      ],
      "thought_4a9e20e2796abd76390ad2ff": [
        0.04761905,
        0.0,
        -5e-8
      ],
      "thought_4ca454464334662859844679": [
        0.33333333,
        -1.1e-6,
        -1.3e-7
      ],
      "thought_57776a5750c1dbb4e49f3442": [
        0.33333333,
        -1.1e-6,
        -2e-7
      ],
      "thought_593024baf91914b5a7b6b7fc": [
        1.0,
        -1.1e-6,
        -1.6e-7
      ],
      "thought_5b5b1b207e14e4386612be20": [
        -0.14285714,
        0.0,
        -7e-8
      ],
      "thought_6a58aeb6dfb3e2463a71f34c": [
        -0.33333333,
        0.0,
        2e-7
      ],
      "thought_7a7f78d4434ff9e4d483fa41": [
        -0.14285714,
        0.0,
        -1.1e-7
      ],
      "thought_8ce51b6821ab58919efbccf9": [
        -1.0,
        1.1e-6,
        -1.6e-7
      ],
      "thought_990dd9102a5132d8696f4455": [
        -0.52380952,
        1.1e-6,
        1.9e-7
      ],
      "thought_aae380b933bf466ac093a216": [
        0.04761905,
        0.0,
        2e-7
      ],
      "thought_b18a520af42910a64fa6fc63": [
        0.80952381,
        1.1e-6,
        -9e-8
      ],
      "thought_dd7f9d7a5cb031caa9e555a9": [
        0.80952381,
        0.0,
        -8e-8
      ]
    },
    "force": {
      "thought_1e0ded4b4b41aea2dd3ead7d": [
        0.43940693,
        0.35035817,
        -0.33478697
      ],
      "thought_2ec1a78acc3d23cb6994d581": [
        0.23909825,
        -0.13719084,
        -0.02963723
      ],
      "thought_3edaf77ef0f3fed43da90a5b": [
        -0.4662133,
        -0.183131,
        -0.04835018
      ],
      "thought_3fd7a340613869143a53915f": [
        1.0,
        -0.02880321,
        0.30861882
      ],
      "thought_4a9e20e2796abd76390ad2ff": [
        0.00260519,
        -0.46043356,
        -0.32126316
      ],
      "thought_4ca454464334662859844679": [
        -0.88506336,
        0.1967551,
        0.09465562
      ],
      "thought_57776a5750c1dbb4e49f3442": [
        -0.73117258,
        -0.09815008,
        0.30721575
      ],
      "thought_593024baf91914b5a7b6b7fc": [
        -1.0,
        -0.15405973,
        -0.18595174
      ],
      "thought_5b5b1b207e14e4386612be20": [
        0.52394769,
        -0.05120041,
        -0.225094
      ],
      "thought_6a58aeb6dfb3e2463a71f34c": [
        0.83210431,
        0.37115671,
        -0.00579899
      ],
      "thought_7a7f78d4434ff9e4d483fa41": [
        0.13647231,
        0.46043356,
        -0.34425132
      ],
      "thought_8ce51b6821ab58919efbccf9": [
        0.37841215,
        0.28334205,
        0.21452117
      ],
      "thought_990dd9102a5132d8696f4455": [
        0.52043067,
        0.02968234,
        0.43172311
      ],
      "thought_aae380b933bf466ac093a216": [
        -0.2248501,
        0.01839347,
        -0.43172311
      ],
      "thought_b18a520af42910a64fa6fc63": [
        -0.08400919,
        -0.13397877,
        0.35262785
      ],
      "thought_dd7f9d7a5cb031caa9e555a9": [
        -0.10473779,
        0.20583528,
        0.06392847
      ]
    }
  }
}
