{
  "schemaVersion": 1,
  "generatedAt": "2026-07-18T05:44:02.541612Z",
  "fileCount": 8,
  "chunkCount": 16,
  "nodeCount": 16,
  "edgeCount": 48,
  "edgeCounts": {
    "explicit": 20,
    "structural": 0,
    "semantic": 13,
    "temporal": 0,
    "entity": 15,
    "manual": 0
  },
  "isolatedNodeCount": 0,
  "averageDegree": 6.0,
  "clusterCount": 3,
  "similarityDistribution": {
    "count": 23,
    "minimum": 0.48730958028322613,
    "median": 0.5225572029864922,
    "p95": 0.6159693828879789,
    "maximum": 0.6419863623495403
  },
  "buildDurationMs": 8130.063957999937,
  "warnings": []
}
